image,label
1/nearctic_asilidae_fig13.png,1
2/nearctic_bombyliidae_fig47.png,2
3/nearctic_cecidomyiidae_fig33.png,3
4/nearctic_dolichopodidae_fig33.png,4
5/nearctic_empididae_fig4.png,5
6/nearctic_ephydridae_fig56.png,6
7/nearctic_heleomyzidae_fig8.png,7
8/nearctic_micropezidae_fig9_0.png,8
9/nearctic_milichiidae_fig13.png,9
10/nearctic_muscidae_fig23.png,10
11/Aeshna_juncea_HL.png,11
12/nearctic_opomyzidae_fig5.png,12
13/nearctic_otitidae_fig19.png,13
14/nearctic_phoridae_fig58.png,14
15/nearctic_piophilidae_fig16.png,15
16/nearctic_platypezidae_fig14.png,16
17/nearctic_richardiidae_fig6.png,17
18/nearctic_scatopsidae_fig2.png,18
19/nearctic_scenopinidae_fig4.png,19
20/nearctic_sciaridae_fig16.png,20
21/nearctic_sphaeroceridae_fig4.png,21
22/nearctic_tabanidae_fig32.png,22
23/nearctic_tachinidae_fig198.png,23
24/nearctic_tipulidae_fig46.png,24
25/nearctic_tethinidae_fig11.png,25
